order_id,customer_id,order_date,status,promo_code,total_amount
87,57,09/01/2025,Refunded,BUND29,118.38
79,21,06/16/2025,pending,,149.59
85,44,2025-06-21,refunded,BUND15,68.14
90,5,2025-06-28,Completed ,,63.28
36,35,2025-06-15,refunded,CLEA10,148.72
23,60,07/29/2025,Refunded,SUMM13,195.24
63,21,2025-07-19,Refunded,WEEK15,205.12
56,73,2025-07-02,pending,,265.81
41,21,07/04/2025,COMPLETED,HOLI19,395.93
14,19,2025-08-11,cancelled,,163.96
26,5,2025-07-07,pending,loya9,150.37
83,1,2025-08-04,Completed,SUMM27,197.03
37,23,08/01/2025,PENDING,summ12,106.94
9,32,2025-06-02,cancelled,VIP15,103.13
27,48,2025-13-40,Pending,,399.84
93,26,2025-07-04,Completed,WEEK15,114.46
11,53,2025-08-06,completed,SUMM13,78.75
47,26,2025-07-12,CANCELLED,BUND29,$180.55
51,90,06/10/2025,Refunded,newy16,$388.98
38,48,07/09/2025,completed,HOLI19,242.25
32,68,2025-07-19,Completed ,NEWY16,227.74
25,19,2025-07-20,cancelled,UNKNOWN10,188.81
71,30,2025-06-10,complete,BUND15,69.41
34,87,12-Jul-2025,cancelled,CLEA10,100.83
24,81,2025-08-23,REFUNDED,,204.61
82,85,2025-07-21,completed,,78.27
67,23,06/30/2025,pending,,190.32
80,16,26-Jul-2025,cancelled,welc22,358.20
99,16,2025-07-05,cancelled,,333.86
45,24,2025-06-27,canceled,WEEK25,283.76
30,18,2025-08-14,completed,summ27,0.00
35,27,09-Aug-2025,PENDING,WEEK15,0.00
7,3,2025-06-08,pending,,377.67
91,24,04-Aug-2025,pending,,0.00
44,69,07/13/2025,Pending,,289.97
69,44,07/23/2025,pending,vip8,$95.22
89,38,2025-06-07,pending,clea20,$196.39
10,21,2025-06-14,cancelled,welc22,30.83
57,18,2025-07-01,completed,CLEA16,382.32
59,4,06/30/2025,complete,WEEK15,130.85
58,7,2025-08-10,refunded,CLEA10,$34.97
52,95,2025-13-40,Pending,newy15,85.53
95,99,06/04/2025,COMPLETED,LOYA9,197.48
28,97,12-Jul-2025,cancelled,VIP28,10.06
71,30,2025-06-10,complete,BUND15,69.41
42,89,07/25/2025,completed,UNKNOWN10,-238.62
49,12,08/21/2025,pending,,266.47
68,55,2025-13-40,completed,summ27,189.39
22,62,2025-09-04,refunded,WELC22,$133.35
84,21,07/11/2025,pending,WEEK25,260.57
17,33,2025-08-23,Pending,WELC25,$291.83
5,13,06/12/2025,CANCELLED,UNKNOWN10,$39.25
86,38,15-Aug-2025,completed,,$117.89
81,84,2025-06-08,completed,UNKNOWN10,
39,4,2025-06-09,Completed,,361.24
3,91,2025-06-07,cancelled,WELC22,326.50
92,79,2025-07-09,Refunded,WELC15,264.51
47,26,2025-07-12,CANCELLED,BUND29,$180.55
29,59,2025-07-31,refunded,,172.25
4,84,2025-09-03,Completed ,UNKNOWN10,294.77
54,54,2025-06-08,in progress,clea10,133.94
66,30,2025-07-24,refunded,WELC22,102.45
94,98,08/15/2025,completed,loya14,138.80
6,77,28-Jun-2025,refunded,,305.85
61,86,06/30/2025,cancelled,loya14,240.44
43,60,06/30/2025,refunded,BUND15,103.96
77,29,06/08/2025,completed,UNKNOWN10,370.79
50,44,07/26/2025,refunded,UNKNOWN10,364.83
62,55,2025-06-12,cancelled,UNKNOWN10,153.02
12,89,2025-09-04,pending,,347.83
88,65,2025-08-07,cancelled,WEEK15,28.07
18,33,07/18/2025,completed,,306.71
75,79,2025-08-17,,,326.06
1,9996,06/29/2025,refunded,VIP15,-286.89
78,96,03-Aug-2025,completed,,59.26
18,33,07/18/2025,completed,,306.71
55,39,18-Jul-2025,refunded,,273.56
31,96,05-Jul-2025,completed,bund29,387.09
8,33,07/09/2025,REFUNDED,REFE9,397.76
2,21,18-Aug-2025,refunded,CLEA20,248.99
100,96,07/05/2025,cancelled,REFE9,160.23
60,61,2025-07-11,cancelled,NEWY16,198.77
53,66,07/14/2025,refunded,clea10,300.45
64,49,08/11/2025,completed,,19.13
72,1,2025-13-40,refunded,,264.43
13,84,2025-08-22,completed,UNKNOWN10,
74,4,2025-08-18,refunded,BACK13,$375.80
73,9996,2025-08-20,refunded,WELC22,-166.98
65,92,2025-13-40,PENDING,UNKNOWN10,63.14
40,4,2025-06-15,PENDING,WELC15,$110.82
97,9995,2025-06-27,completed,HOLI19,
16,80,06/02/2025,completed,welc22,197.74
76,9997,07/07/2025,shipped,,$297.32
15,94,13-Jun-2025,shipped,,91.46
96,86,25-Aug-2025,pending,,$389.43
20,4,2025-13-40,completed,,55.93
98,,12-Jun-2025,Completed ,loya14,79.90
21,30,07/25/2025,Pending,,$142.03
19,9996,2025-06-29,pending,,268.82
70,41,06/16/2025,REFUNDED,WEEK15,194.01
33,33,08/13/2025,CANCELLED,UNKNOWN10,299.10
48,66,29-Jun-2025,REFUNDED,BACK13,$132.72
46,67,09/01/2025,Cancelled,,373.35
