product_id,product_name,category,unit_price,created_at
22,LAPTOP STAND,Books,119.21,2025-13-40
14,Phone Case,apparel,37.68,2025-05-09
11,Standing Desk Mat,Home,,2025-13-40
92,  Noise Cancelling Headphones  ,Books,75.50,2025-02-01
49,PHONE CASE,Fitness,43.47 USD,09/09/2025
59,Cotton T-Shirt,Apparel,104.83,02/01/2025
80,Yoga Mat,APPAREL,65.50,06/14/2025
86,Yoga Mat,FITNESS,$90.84,05-Jul-2025
1,Mechanical Keyboard,Electronic,110.28,2025-06-30
88,Phone Case,Fitness,$52.41,2025-10-17
3,STANDING DESK MAT,home,98.68 USD,2025-13-40
90,Data Warehousing Handbook,Electronics,27.61,2025-10-11
46,LED Desk Lamp,HOME,$107.20,2025-08-17
89,Webcam 1080p,Electronics,,10/11/2025
100,  Standing Desk Mat  ,Home,58.71,05/03/2025
64,Standing Desk Mat,Books,112.82,2025-08-04
44,STANDING DESK MAT,Home,39.36,2025-13-40
29,Yoga Mat,fitness,11.97,2025-06-20
56,  Wireless Mouse  ,Books,110.37,27-Jun-2025
31,Wireless Charger,Books,0.00,2025-03-22
95,COTTON T-SHIRT,Fitness,41.20,22-Aug-2025
71,Backpack,Fitness,$22.07,2025-03-09
99,Laptop Stand,HOME,81.39,03/21/2025
10,Noise Cancelling Headphones,Home,59.42,2025-13-40
55,Water Bottle,Home,86.39,26-Oct-2025
74,Bluetooth Speaker,Books,50.59,2025-03-25
21,RUNNING SHOES,Fitness,99.85,2025-08-04
38,  Wireless Charger  ,Fitness,28.53,2025-13-40
53,Wireless Mouse,APPAREL,9.66,2025-05-22
82,Bluetooth Speaker,Home,28.50,01/06/2025
8,Cotton T-Shirt,Home Goods,96.04 USD,2025-02-16
41,USB-C Hub,Electronics,15.35,2025-04-30
37,Standing Desk Mat,Books,47.74,02/11/2025
98,Webcam 1080p,Book,$12.53,2025-06-29
63,Noise Cancelling Headphones,Apparel,$51.65,2025-04-27
62,Wireless Charger,Home,16.83,04/02/2025
93,Running Shoes,Apparel,$35.66,10/26/2025
68,Cotton T-Shirt,Books,98.07,01/21/2025
18,Sunglasses,Fitness,,2025-08-23
51,LED Desk Lamp,Apparel,$111.38,29-May-2025
79,Laptop Stand,Books,37.12,26-Feb-2025
45,Webcam 1080p,books,32.42 USD,2025-13-40
67,PHONE CASE,Electronics,12.97,2025-09-16
47,Laptop Stand,Books,-42.10,2025-03-01
26,DENIM JACKET,Electronics,106.58,10-Feb-2025
9,Sunglasses,home,66.04,2025-08-13
72,Phone Case,Electronics,38.02,10/19/2025
15,Data Warehousing Handbook,books,105.39,2025-04-15
6,Webcam 1080p,Book,109.17,2025-03-13
54,Standing Desk Mat,Home,$27.62,2025-02-14
46,LED Desk Lamp,HOME,$107.20,2025-08-17
60,Noise Cancelling Headphones,FITNESS,-20.45,02/15/2025
13,  WIRELESS MOUSE  ,Apparel,15.81,03/15/2025
20,Standing Desk Mat,Apparel,,11-Jan-2025
49,PHONE CASE,Fitness,43.47 USD,09/09/2025
33,Sunglasses,Home,88.05,2025-06-08
85,Noise Cancelling Headphones,Fitness,22.74 USD,2025-13-40
24,Noise Cancelling Headphones,Home,,10/19/2025
36,Running Shoes,ELECTRONICS,46.72,2025-07-26
5,Ceramic Coffee Mug,Clothing,41.84,2025-02-13
7,WEBCAM 1080P,Electronics,-80.44,2025-02-21
96,Wireless Charger,Electronic,82.61,31-Jul-2025
43,  Webcam 1080p  ,Electronics,10.41,09/05/2025
25,Ceramic Coffee Mug,Home,14.69,2025-13-40
42,Backpack,home,-119.05,2025-01-20
97,  Water Bottle  ,ELECTRONICS,,29-May-2025
23,Phone Case,Books,77.09,2025-01-05
84,Phone Case,Fitness,,2025-02-04
52,  Ceramic Coffee Mug  ,Apparel,55.84,09/19/2025
2,Noise Cancelling Headphones,Fitness,119.34,08/25/2025
40,Mechanical Keyboard,Books,9.00,2025-13-40
19,Ceramic Coffee Mug,Electronics,110.12,2025-07-08
73,Laptop Stand,Books,39.93,06/08/2025
4,Data Warehousing Handbook,Books,35.75,2025-05-10
50,Yoga Mat,FITNESS,111.40,05/27/2025
35,Webcam 1080p,Fitness,34.85,2025-13-40
70,  Backpack  ,ELECTRONICS,44.97 USD,2025-01-31
12,Running Shoes,books,119.99,2025-04-03
83,Denim Jacket,Fitness,66.93,2025-09-22
16,Noise Cancelling Headphones,Apparel,,2025-10-11
94,LED Desk Lamp,Electronic,72.01,08/14/2025
28,Ceramic Coffee Mug,Apparel,23.86,02-Sep-2025
66,Running Shoes,Books,11.16,06/30/2025
78,Water Bottle,Home,5.50,10/27/2025
52,  Ceramic Coffee Mug  ,Apparel,55.84,09/19/2025
32,Mechanical Keyboard,FITNESS,83.73,2025-06-27
69,Wireless Charger,Apparel,,02/21/2025
48,Standing Desk Mat,Home,68.64 USD,03/18/2025
76,Wireless Charger,Electronics,100.95,2025-02-25
57,  Water Bottle  ,Book,35.62 USD,07/07/2025
77,Standing Desk Mat,Home,75.87,09/23/2025
34,Laptop Stand,Apparel,6.08,10/04/2025
91,Sunglasses,Home,21.72,09/18/2025
17,Sunglasses,electronics,99.53,2025-01-31
87,USB-C Hub,Electronics,38.92,2025-09-18
58,Webcam 1080p,Apparel,56.26,03-Mar-2025
30,Wireless Mouse,Apparel,-117.28,2025-07-18
28,Ceramic Coffee Mug,Apparel,23.86,02-Sep-2025
65,Wireless Charger,Electronics,-43.93,2025-06-21
61,Ceramic Coffee Mug,Fitness,$8.46,04/10/2025
39,Running Shoes,APPAREL,93.23,03/09/2025
27,Data Warehousing Handbook,Books,41.37,2025-13-40
75,Cotton T-Shirt,apparel,38.98,2025-03-23
81,Water Bottle,Fitness,55.10,04/29/2025
